1,ENTRANTES FRÍOS
1,ENTRANTES FRÍOS
1,ENTRANTES FRÍOS
1,ENTRANTES FRÍOS
1,ENTRANTES FRÍOS
1,ENTRANTES FRÍOS
1,ENTRANTES FRÍOS
1,ENTRANTES FRÍOS
1,ENTRANTES FRÍOS
1,ENTRANTES FRÍOS
1,ENTRANTES FRÍOS
1,ENTRANTES FRÍOS
1,ENTRANTES FRÍOS
1,ENTRANTES FRÍOS
1,ENTRANTES FRÍOS
1,ENTRANTES FRÍOS
1,ENTRANTES FRÍOS
1,ENTRANTES FRÍOS
1,ENTRANTES FRÍOS
1,ENTRANTES FRÍOS
1,ENTRANTES FRÍOS
1,ENTRANTES FRÍOS
1,ENTRANTES FRÍOS
1,ENTRANTES FRÍOS
1,ENTRANTES FRÍOS
1,ENTRANTES FRÍOS
1,ENTRANTES FRÍOS
1,ENTRANTES FRÍOS
1,ENTRANTES FRÍOS
1,ENTRANTES FRÍOS
1,ENTRANTES FRÍOS
1,ENTRANTES FRÍOS
1,ENTRANTES FRÍOS
1,ENTRANTES FRÍOS
1,ENTRANTES FRÍOS
1,ENTRANTES FRÍOS
1,ENTRANTES FRÍOS
1,ENTRANTES FRÍOS
1,ENTRANTES FRÍOS
1,ENTRANTES FRÍOS
1,ENTRANTES FRÍOS
1,ENTRANTES FRÍOS
1,ENTRANTES FRÍOS
1,ENTRANTES FRÍOS
1,ENTRANTES FRÍOS
1,ENTRANTES FRÍOS
1,ENTRANTES FRÍOS
1,ENTRANTES FRÍOS
1,ENTRANTES FRÍOS
1,ENTRANTES FRÍOS
1,ENTRANTES FRÍOS
1,ENTRANTES FRÍOS
1,ENTRANTES FRÍOS
1,ENTRANTES FRÍOS
1,ENTRANTES FRÍOS
1,ENTRANTES FRÍOS
1,ENTRANTES FRÍOS
1,ENTRANTES FRÍOS
1,ENTRANTES FRÍOS
1,ENTRANTES FRÍOS
1,ENTRANTES FRÍOS
1,ENTRANTES FRÍOS
1,ENTRANTES FRÍOS
1,ENTRANTES FRÍOS
1,ENTRANTES FRÍOS
1,ENTRANTES FRÍOS
1,ENTRANTES FRÍOS
1,ENTRANTES FRÍOS
1,ENTRANTES FRÍOS
1,ENTRANTES FRÍOS
1,ENTRANTES FRÍOS
1,ENTRANTES FRÍOS
1,ENTRANTES FRÍOS
1,ENTRANTES FRÍOS
1,ENTRANTES FRÍOS
1,ENTRANTES FRÍOS
1,ENTRANTES FRÍOS
1,ENTRANTES FRÍOS
1,ENTRANTES FRÍOS
1,ENTRANTES FRÍOS
1,ENTRANTES FRÍOS
1,ENTRANTES FRÍOS
1,ENTRANTES FRÍOS
1,ENTRANTES FRÍOS
1,ENTRANTES FRÍOS
1,ENTRANTES FRÍOS
1,ENTRANTES FRÍOS
1,ENTRANTES FRÍOS
1,ENTRANTES FRÍOS
1,ENTRANTES FRÍOS
1,ENTRANTES FRÍOS
1,ENTRANTES FRÍOS
1,ENTRANTES FRÍOS
1,ENTRANTES FRÍOS
1,ENTRANTES FRÍOS
1,ENTRANTES FRÍOS
1,ENTRANTES FRÍOS
1,ENTRANTES FRÍOS
1,ENTRANTES FRÍOS
1,ENTRANTES FRÍOS
1,ENTRANTES FRÍOS
1,ENTRANTES FRÍOS
1,ENTRANTES FRÍOS
1,ENTRANTES FRÍOS
1,ENTRANTES FRÍOS
1,ENTRANTES FRÍOS
1,ENTRANTES FRÍOS
1,ENTRANTES FRÍOS
1,ENTRANTES FRÍOS
1,ENTRANTES FRÍOS
1,ENTRANTES FRÍOS
1,ENTRANTES FRÍOS
1,ENTRANTES FRÍOS
1,ENTRANTES FRÍOS
1,ENTRANTES FRÍOS
1,ENTRANTES FRÍOS
1,ENTRANTES FRÍOS
1,ENTRANTES FRÍOS
1,ENTRANTES FRÍOS
1,ENTRANTES FRÍOS
1,ENTRANTES FRÍOS
1,ENTRANTES FRÍOS
1,ENTRANTES FRÍOS
1,ENTRANTES FRÍOS
1,ENTRANTES FRÍOS
1,ENTRANTES FRÍOS
1,ENTRANTES FRÍOS
1,ENTRANTES FRÍOS
1,ENTRANTES FRÍOS
1,ENTRANTES FRÍOS
1,ENTRANTES FRÍOS
1,ENTRANTES FRÍOS
1,ENTRANTES FRÍOS
1,ENTRANTES FRÍOS
1,ENTRANTES FRÍOS
1,ENTRANTES FRÍOS
1,ENTRANTES FRÍOS
1,ENTRANTES FRÍOS
1,ENTRANTES FRÍOS
1,ENTRANTES FRÍOS
1,ENTRANTES FRÍOS
1,ENTRANTES FRÍOS
1,ENTRANTES FRÍOS
1,ENTRANTES FRÍOS
1,ENTRANTES FRÍOS
1,ENTRANTES FRÍOS
1,ENTRANTES FRÍOS
1,ENTRANTES FRÍOS
1,ENTRANTES FRÍOS
1,ENTRANTES FRÍOS
1,ENTRANTES FRÍOS
1,ENTRANTES FRÍOS
1,ENTRANTES FRÍOS
1,ENTRANTES FRÍOS
1,ENTRANTES FRÍOS
1,ENTRANTES FRÍOS
1,ENTRANTES FRÍOS
1,ENTRANTES FRÍOS
1,ENTRANTES FRÍOS
1,ENTRANTES FRÍOS
1,ENTRANTES FRÍOS
1,ENTRANTES FRÍOS
1,ENTRANTES FRÍOS
1,ENTRANTES FRÍOS
1,ENTRANTES FRÍOS
1,ENTRANTES FRÍOS
1,ENTRANTES FRÍOS
1,ENTRANTES FRÍOS
1,ENTRANTES FRÍOS
1,ENTRANTES FRÍOS
1,ENTRANTES FRÍOS
1,ENTRANTES FRÍOS
1,ENTRANTES FRÍOS
1,ENTRANTES FRÍOS
1,ENTRANTES FRÍOS
1,ENTRANTES FRÍOS
1,ENTRANTES FRÍOS
1,ENTRANTES FRÍOS
1,ENTRANTES FRÍOS
1,ENTRANTES FRÍOS
1,ENTRANTES FRÍOS
1,ENTRANTES FRÍOS
1,ENTRANTES FRÍOS
1,ENTRANTES FRÍOS
1,ENTRANTES FRÍOS
1,ENTRANTES FRÍOS
1,ENTRANTES FRÍOS
1,ENTRANTES FRÍOS
1,ENTRANTES FRÍOS
1,ENTRANTES FRÍOS
1,ENTRANTES FRÍOS
1,ENTRANTES FRÍOS
1,ENTRANTES FRÍOS
1,ENTRANTES FRÍOS
1,ENTRANTES FRÍOS
1,ENTRANTES FRÍOS
1,ENTRANTES FRÍOS
1,ENTRANTES FRÍOS
1,ENTRANTES FRÍOS
1,ENTRANTES FRÍOS
1,ENTRANTES FRÍOS
1,ENTRANTES FRÍOS
1,ENTRANTES FRÍOS
1,ENTRANTES FRÍOS
1,ENTRANTES FRÍOS
1,ENTRANTES FRÍOS
1,ENTRANTES FRÍOS
1,ENTRANTES FRÍOS
1,ENTRANTES FRÍOS
1,ENTRANTES FRÍOS
1,ENTRANTES FRÍOS
1,ENTRANTES FRÍOS
1,ENTRANTES FRÍOS
1,ENTRANTES FRÍOS
1,ENTRANTES FRÍOS
1,ENTRANTES FRÍOS
1,ENTRANTES FRÍOS
1,ENTRANTES FRÍOS
1,ENTRANTES FRÍOS
1,ENTRANTES FRÍOS
1,ENTRANTES FRÍOS
1,ENTRANTES FRÍOS
1,ENTRANTES FRÍOS
1,ENTRANTES FRÍOS
1,ENTRANTES FRÍOS
1,ENTRANTES FRÍOS
1,ENTRANTES FRÍOS
1,ENTRANTES FRÍOS
1,ENTRANTES FRÍOS
1,ENTRANTES FRÍOS
1,ENTRANTES FRÍOS
1,ENTRANTES FRÍOS
1,ENTRANTES FRÍOS
1,ENTRANTES FRÍOS
1,ENTRANTES FRÍOS
1,ENTRANTES FRÍOS
1,ENTRANTES FRÍOS
1,ENTRANTES FRÍOS
1,ENTRANTES FRÍOS
1,ENTRANTES FRÍOS
1,ENTRANTES FRÍOS
1,ENTRANTES FRÍOS
1,ENTRANTES FRÍOS
1,ENTRANTES FRÍOS
1,ENTRANTES FRÍOS
1,ENTRANTES FRÍOS
1,ENTRANTES FRÍOS
1,ENTRANTES FRÍOS
1,ENTRANTES FRÍOS
1,ENTRANTES FRÍOS
1,ENTRANTES FRÍOS
1,ENTRANTES FRÍOS
1,ENTRANTES FRÍOS
1,ENTRANTES FRÍOS
1,ENTRANTES FRÍOS
1,ENTRANTES FRÍOS
1,ENTRANTES FRÍOS
1,ENTRANTES FRÍOS
1,ENTRANTES FRÍOS
1,ENTRANTES FRÍOS
1,ENTRANTES FRÍOS
1,ENTRANTES FRÍOS
1,ENTRANTES FRÍOS
1,ENTRANTES FRÍOS
1,ENTRANTES FRÍOS
1,ENTRANTES FRÍOS
1,ENTRANTES FRÍOS
1,ENTRANTES FRÍOS
1,ENTRANTES FRÍOS
1,ENTRANTES FRÍOS
1,ENTRANTES FRÍOS
1,ENTRANTES FRÍOS
1,ENTRANTES FRÍOS
1,ENTRANTES FRÍOS
1,ENTRANTES FRÍOS
1,ENTRANTES FRÍOS
1,ENTRANTES FRÍOS
1,ENTRANTES FRÍOS
1,ENTRANTES FRÍOS
1,ENTRANTES FRÍOS
1,ENTRANTES FRÍOS
1,ENTRANTES FRÍOS
1,ENTRANTES FRÍOS
1,ENTRANTES FRÍOS
1,ENTRANTES FRÍOS
1,ENTRANTES FRÍOS
1,ENTRANTES FRÍOS
1,ENTRANTES FRÍOS
1,ENTRANTES FRÍOS
1,ENTRANTES FRÍOS
1,ENTRANTES FRÍOS
1,ENTRANTES FRÍOS
1,ENTRANTES FRÍOS
1,ENTRANTES FRÍOS
1,ENTRANTES FRÍOS
1,ENTRANTES FRÍOS
1,ENTRANTES FRÍOS
1,ENTRANTES FRÍOS
1,ENTRANTES FRÍOS
1,ENTRANTES FRÍOS
1,ENTRANTES FRÍOS
1,ENTRANTES FRÍOS
1,ENTRANTES FRÍOS
1,ENTRANTES FRÍOS
1,ENTRANTES FRÍOS
1,ENTRANTES FRÍOS
1,ENTRANTES FRÍOS
1,ENTRANTES FRÍOS
1,ENTRANTES FRÍOS
1,ENTRANTES FRÍOS
1,ENTRANTES FRÍOS
1,ENTRANTES FRÍOS
1,ENTRANTES FRÍOS
1,ENTRANTES FRÍOS
1,ENTRANTES FRÍOS
1,ENTRANTES FRÍOS
1,ENTRANTES FRÍOS
1,ENTRANTES FRÍOS
1,ENTRANTES FRÍOS
1,ENTRANTES FRÍOS
1,ENTRANTES FRÍOS
1,ENTRANTES FRÍOS
1,ENTRANTES FRÍOS
1,ENTRANTES FRÍOS
1,ENTRANTES FRÍOS
1,ENTRANTES FRÍOS
1,ENTRANTES FRÍOS
1,ENTRANTES FRÍOS
1,ENTRANTES FRÍOS
1,ENTRANTES FRÍOS
1,ENTRANTES FRÍOS
1,ENTRANTES FRÍOS
1,ENTRANTES FRÍOS
1,ENTRANTES FRÍOS
1,ENTRANTES FRÍOS
1,ENTRANTES FRÍOS
1,ENTRANTES FRÍOS
1,ENTRANTES FRÍOS
1,ENTRANTES FRÍOS
1,ENTRANTES FRÍOS
1,ENTRANTES FRÍOS
1,ENTRANTES FRÍOS
1,ENTRANTES FRÍOS
1,ENTRANTES FRÍOS
1,ENTRANTES FRÍOS
1,ENTRANTES FRÍOS
1,ENTRANTES FRÍOS
1,ENTRANTES FRÍOS
1,ENTRANTES FRÍOS
1,ENTRANTES FRÍOS
1,ENTRANTES FRÍOS
1,ENTRANTES FRÍOS
1,ENTRANTES FRÍOS
1,ENTRANTES FRÍOS
1,ENTRANTES FRÍOS
1,ENTRANTES FRÍOS
1,ENTRANTES FRÍOS
1,ENTRANTES FRÍOS
1,ENTRANTES FRÍOS
1,ENTRANTES FRÍOS
1,ENTRANTES FRÍOS
1,ENTRANTES FRÍOS
1,ENTRANTES FRÍOS
1,ENTRANTES FRÍOS
1,ENTRANTES FRÍOS
1,ENTRANTES FRÍOS
1,ENTRANTES FRÍOS
1,ENTRANTES FRÍOS
1,ENTRANTES FRÍOS
1,ENTRANTES FRÍOS
1,ENTRANTES FRÍOS
1,ENTRANTES FRÍOS
1,ENTRANTES FRÍOS
1,ENTRANTES FRÍOS
1,ENTRANTES FRÍOS
1,ENTRANTES FRÍOS
1,ENTRANTES FRÍOS
1,ENTRANTES FRÍOS
1,ENTRANTES FRÍOS
1,ENTRANTES FRÍOS
1,ENTRANTES FRÍOS
1,ENTRANTES FRÍOS
1,ENTRANTES FRÍOS
1,ENTRANTES FRÍOS
1,ENTRANTES FRÍOS
1,ENTRANTES FRÍOS
1,ENTRANTES FRÍOS
1,ENTRANTES FRÍOS
1,ENTRANTES FRÍOS
1,ENTRANTES FRÍOS
1,ENTRANTES FRÍOS
1,ENTRANTES FRÍOS
1,ENTRANTES FRÍOS
1,ENTRANTES FRÍOS
1,ENTRANTES FRÍOS
1,ENTRANTES FRÍOS
1,ENTRANTES FRÍOS
1,ENTRANTES FRÍOS
1,ENTRANTES FRÍOS
1,ENTRANTES FRÍOS
1,ENTRANTES FRÍOS
1,ENTRANTES FRÍOS
1,ENTRANTES FRÍOS
1,ENTRANTES FRÍOS
1,ENTRANTES FRÍOS
1,ENTRANTES FRÍOS
1,ENTRANTES FRÍOS
1,ENTRANTES FRÍOS
1,ENTRANTES FRÍOS
1,ENTRANTES FRÍOS
1,ENTRANTES FRÍOS
1,ENTRANTES FRÍOS
1,ENTRANTES FRÍOS
1,ENTRANTES FRÍOS
1,ENTRANTES FRÍOS
1,ENTRANTES FRÍOS
1,ENTRANTES FRÍOS
1,ENTRANTES FRÍOS
1,ENTRANTES FRÍOS
1,ENTRANTES FRÍOS
1,ENTRANTES FRÍOS
1,ENTRANTES FRÍOS
1,ENTRANTES FRÍOS
1,ENTRANTES FRÍOS
1,ENTRANTES FRÍOS
1,ENTRANTES FRÍOS
1,ENTRANTES FRÍOS
1,ENTRANTES FRÍOS
1,ENTRANTES FRÍOS
1,ENTRANTES FRÍOS
1,ENTRANTES FRÍOS
1,ENTRANTES FRÍOS
1,ENTRANTES FRÍOS
1,ENTRANTES FRÍOS
1,ENTRANTES FRÍOS
1,ENTRANTES FRÍOS
1,ENTRANTES FRÍOS
1,ENTRANTES FRÍOS
1,ENTRANTES FRÍOS
1,ENTRANTES FRÍOS
1,ENTRANTES FRÍOS
1,ENTRANTES FRÍOS
1,ENTRANTES FRÍOS
1,ENTRANTES FRÍOS
1,ENTRANTES FRÍOS
1,ENTRANTES FRÍOS
1,ENTRANTES FRÍOS
1,ENTRANTES FRÍOS
1,ENTRANTES FRÍOS
1,ENTRANTES FRÍOS
1,ENTRANTES FRÍOS
1,ENTRANTES FRÍOS
1,ENTRANTES FRÍOS
1,ENTRANTES FRÍOS
1,ENTRANTES FRÍOS
1,ENTRANTES FRÍOS
1,ENTRANTES FRÍOS
1,ENTRANTES FRÍOS
1,ENTRANTES FRÍOS
1,ENTRANTES FRÍOS
1,ENTRANTES FRÍOS
1,ENTRANTES FRÍOS
1,ENTRANTES FRÍOS
1,ENTRANTES FRÍOS
1,ENTRANTES FRÍOS
1,ENTRANTES FRÍOS
1,ENTRANTES FRÍOS
1,ENTRANTES FRÍOS
1,ENTRANTES FRÍOS
1,ENTRANTES FRÍOS
1,ENTRANTES FRÍOS
1,ENTRANTES FRÍOS
1,ENTRANTES FRÍOS
1,ENTRANTES FRÍOS
1,ENTRANTES FRÍOS
1,ENTRANTES FRÍOS
1,ENTRANTES FRÍOS
1,ENTRANTES FRÍOS
1,ENTRANTES FRÍOS
1,ENTRANTES FRÍOS
1,ENTRANTES FRÍOS
1,ENTRANTES FRÍOS
1,ENTRANTES FRÍOS
1,ENTRANTES FRÍOS
1,ENTRANTES FRÍOS
1,ENTRANTES FRÍOS
1,ENTRANTES FRÍOS
1,ENTRANTES FRÍOS
1,ENTRANTES FRÍOS
1,ENTRANTES FRÍOS
1,ENTRANTES FRÍOS
1,ENTRANTES FRÍOS
1,ENTRANTES FRÍOS
1,ENTRANTES FRÍOS
1,ENTRANTES FRÍOS
1,ENTRANTES FRÍOS
1,ENTRANTES FRÍOS
1,ENTRANTES FRÍOS
1,ENTRANTES FRÍOS
1,ENTRANTES FRÍOS
1,ENTRANTES FRÍOS
1,ENTRANTES FRÍOS
1,ENTRANTES FRÍOS
1,ENTRANTES FRÍOS
1,ENTRANTES FRÍOS
1,ENTRANTES FRÍOS
1,ENTRANTES FRÍOS
1,ENTRANTES FRÍOS
1,ENTRANTES FRÍOS
1,ENTRANTES FRÍOS
1,ENTRANTES FRÍOS
1,ENTRANTES FRÍOS
1,ENTRANTES FRÍOS
1,ENTRANTES FRÍOS
1,ENTRANTES FRÍOS
1,ENTRANTES FRÍOS
1,ENTRANTES FRÍOS
1,ENTRANTES FRÍOS
1,ENTRANTES FRÍOS
1,ENTRANTES FRÍOS
1,ENTRANTES FRÍOS
1,ENTRANTES FRÍOS
1,ENTRANTES FRÍOS
1,ENTRANTES FRÍOS
1,ENTRANTES FRÍOS
1,ENTRANTES FRÍOS
1,ENTRANTES FRÍOS
1,ENTRANTES FRÍOS
1,ENTRANTES FRÍOS
1,ENTRANTES FRÍOS
1,ENTRANTES FRÍOS
1,ENTRANTES FRÍOS
1,ENTRANTES FRÍOS
1,ENTRANTES FRÍOS
1,ENTRANTES FRÍOS
1,ENTRANTES FRÍOS
1,ENTRANTES FRÍOS
1,ENTRANTES FRÍOS
1,ENTRANTES FRÍOS
1,ENTRANTES FRÍOS
1,ENTRANTES FRÍOS
1,ENTRANTES FRÍOS
1,ENTRANTES FRÍOS
1,ENTRANTES FRÍOS
1,ENTRANTES FRÍOS
1,ENTRANTES FRÍOS
1,ENTRANTES FRÍOS
1,ENTRANTES FRÍOS
1,ENTRANTES FRÍOS
1,ENTRANTES FRÍOS
1,ENTRANTES FRÍOS
1,ENTRANTES FRÍOS
1,ENTRANTES FRÍOS
1,ENTRANTES FRÍOS
1,ENTRANTES FRÍOS
1,ENTRANTES FRÍOS
1,ENTRANTES FRÍOS
1,ENTRANTES FRÍOS
1,ENTRANTES FRÍOS
1,ENTRANTES FRÍOS
1,ENTRANTES FRÍOS
1,ENTRANTES FRÍOS
1,ENTRANTES FRÍOS
1,ENTRANTES FRÍOS
1,ENTRANTES FRÍOS
1,ENTRANTES FRÍOS
1,ENTRANTES FRÍOS
1,ENTRANTES FRÍOS
1,ENTRANTES FRÍOS
1,ENTRANTES FRÍOS
1,ENTRANTES FRÍOS
1,ENTRANTES FRÍOS
1,ENTRANTES FRÍOS
1,ENTRANTES FRÍOS
1,ENTRANTES FRÍOS
1,ENTRANTES FRÍOS
1,ENTRANTES FRÍOS
1,ENTRANTES FRÍOS
1,ENTRANTES FRÍOS
1,ENTRANTES FRÍOS
1,ENTRANTES FRÍOS
1,ENTRANTES FRÍOS
1,ENTRANTES FRÍOS
1,ENTRANTES FRÍOS
1,ENTRANTES FRÍOS
1,ENTRANTES FRÍOS
1,ENTRANTES FRÍOS
1,ENTRANTES FRÍOS
1,ENTRANTES FRÍOS
1,ENTRANTES FRÍOS
1,ENTRANTES FRÍOS
1,ENTRANTES FRÍOS
1,ENTRANTES FRÍOS
1,ENTRANTES FRÍOS
1,ENTRANTES FRÍOS
1,ENTRANTES FRÍOS
1,ENTRANTES FRÍOS
1,ENTRANTES FRÍOS
1,ENTRANTES FRÍOS
1,ENTRANTES FRÍOS
1,ENTRANTES FRÍOS
1,ENTRANTES FRÍOS
1,ENTRANTES FRÍOS
1,ENTRANTES FRÍOS
1,ENTRANTES FRÍOS
1,ENTRANTES FRÍOS
1,ENTRANTES FRÍOS
1,ENTRANTES FRÍOS
1,ENTRANTES FRÍOS
1,ENTRANTES FRÍOS
1,ENTRANTES FRÍOS
1,ENTRANTES FRÍOS
1,ENTRANTES FRÍOS
1,ENTRANTES FRÍOS
1,ENTRANTES FRÍOS
1,ENTRANTES FRÍOS
1,ENTRANTES FRÍOS
1,ENTRANTES FRÍOS
1,ENTRANTES FRÍOS
1,ENTRANTES FRÍOS
1,ENTRANTES FRÍOS
1,ENTRANTES FRÍOS
1,ENTRANTES FRÍOS
1,ENTRANTES FRÍOS
1,ENTRANTES FRÍOS
1,ENTRANTES FRÍOS
1,ENTRANTES FRÍOS
1,ENTRANTES FRÍOS
1,ENTRANTES FRÍOS
1,ENTRANTES FRÍOS
1,ENTRANTES FRÍOS
1,ENTRANTES FRÍOS
